{
  "excludeScenes": [],
  "includeAnySDK": false,
  "includeSdk": [
    "anysdk"
  ],
  "orientation": {
    "landscapeLeft": true,
    "landscapeRight": true,
    "portrait": false,
    "upsideDown": false
  },
  "packageName": "org.cocos2d.examplecases",
  "startScene": "d13475c7-b37e-45d6-b6c5-25929e8a0925",
  "title": "examplecases",
  "webOrientation": "auto",
  "oauthLoginServer": "",
  "appKey": "",
  "appSecret": "",
  "privateKey": "",
  "renderMode": "0",
  "inlineSpriteFrames": true,
  "mergeStartScene": false,
  "inlineSpriteFrames_native": true,
  "optimizeHotUpdate": false
}